frame,step,time_fs,energy_eV,temperature_K,force_rms_eV_per_A,force_max_norm_eV_per_A
0,0,0.0,-0.16222113931304172,426.55496273506463,3.2133077885939396e-15,1.0490286211310013e-14
1,5,5.0,0.0048059470502579416,414.59388640055,0.06674876809120178,0.2727748453617096
2,10,10.0,0.48404113533667736,380.27633366664526,0.132309690117836,0.5536515712738037
3,15,15.0,1.2090558710547548,328.36018274632954,0.19446289539337158,0.831047534942627
4,20,20.0,2.0731666807147153,266.48523820223284,0.24995137751102448,1.0817594528198242
5,25,25.0,2.943200609849531,204.18674641305793,0.2946501076221466,1.276302695274353
6,30,30.0,3.6841436736914446,151.1299881320394,0.3243514597415924,1.3906844854354858
7,35,35.0,4.191973900468943,114.76080646348407,0.33643901348114014,1.4071909189224243
8,40,40.0,4.421642816007287,98.30484580736766,0.3309251666069031,1.322115182876587
9,45,45.0,4.3944929755848,100.23602219628027,0.31060096621513367,1.1528197526931763
10,50,50.0,4.184151010476141,115.28544261021663,0.28075727820396423,0.9309834837913513
11,55,55.0,3.88891365176672,136.41728921526837,0.24870073795318604,0.7892588973045349
12,60,60.0,3.6020579514952944,156.95378706948554,0.22293508052825928,0.709304928779602
13,65,65.0,3.38970585618545,172.16023931929575,0.21101699769496918,0.7551558613777161
14,70,70.0,3.2800313394876923,180.01839411228974,0.21550557017326355,0.8320368528366089
15,75,75.0,3.2632243950912407,181.2293861245883,0.2319021075963974,1.0905574560165405
16,80,80.0,3.300435963840452,178.57322706994375,0.252188503742218,1.2671008110046387
17,85,85.0,3.3395526908851183,175.77976737666634,0.26952221989631653,1.3328255414962769
18,90,90.0,3.332554496446032,176.28665847161804,0.28007280826568604,1.2839925289154053
19,95,95.0,3.248157111803124,182.3337271210544,0.2824976146221161,1.1782273054122925
20,100,100.0,3.0782549575560374,194.50177495403474,0.27709123492240906,1.117126226425171
21,105,105.0,2.837219645049333,211.76256805249258,0.26529091596603394,1.0360262393951416
22,110,110.0,2.555761398743531,231.91740779612644,0.24900215864181519,0.9429241418838501
23,115,115.0,2.2738592343252675,252.10388430662448,0.23054860532283783,0.8772486448287964
24,120,120.0,2.032944502719242,269.35537504069623,0.21282945573329926,0.7570804953575134
25,125,125.0,1.8687485235674277,281.1131461413757,0.19899365305900574,0.6867800354957581
26,130,130.0,1.8062511356784574,285.58827745723806,0.19183629751205444,0.6106065511703491
27,135,135.0,1.8566269770485118,281.9805954265879,0.19295719265937805,0.6148448586463928
28,140,140.0,2.0154797195671046,270.6051837609847,0.20189893245697021,0.7575531601905823
29,145,145.0,2.262704990533046,252.9014903795631,0.2163466215133667,0.8832897543907166
30,150,150.0,2.56585998574584,231.19260106543024,0.23340918123722076,0.9776187539100647
31,155,155.0,2.885119024743034,208.3304075648995,0.25030604004859924,1.0295798778533936
32,160,160.0,3.1788134102005303,187.29876590785733,0.2647651433944702,1.0335396528244019
33,165,165.0,3.4093202715108895,170.79174710242356,0.27510979771614075,0.9902951717376709
34,170,170.0,3.548661397683629,160.81271540921492,0.2801976501941681,0.9695176482200623
35,175,175.0,3.5830415143833507,158.34938614444155,0.2794429063796997,1.0918803215026855
36,180,180.0,3.515505974621692,163.18364648368075,0.2729593515396118,1.144869327545166
37,185,185.0,3.3655933536947096,173.91660726907668,0.2617966830730438,1.1249511241912842
38,190,190.0,3.165221056939176,188.26327586256184,0.24803544580936432,1.0430611371994019
39,195,195.0,2.9513531294574857,203.57730378441352,0.23443695902824402,0.9202536940574646
40,200,200.0,2.75787087598144,217.432686629539,0.22365477681159973,0.7884193062782288
41,205,205.0,2.609838488562457,228.03418312978664,0.2173186093568802,0.741520345211029
42,210,210.0,2.5216749558900524,234.34895570119556,0.2159069925546646,0.8021827936172485
43,215,215.0,2.4969230193923364,236.12320066065195,0.21920599043369293,0.8118960857391357
44,220,220.0,2.528620316832347,233.8553922501815,0.22636981308460236,0.7720898389816284
45,225,225.0,2.6007656387126366,228.6913676755514,0.23597826063632965,0.8203988671302795
46,230,230.0,2.6906453383892757,222.25758169675683,0.24622687697410583,0.9810599088668823
47,235,235.0,2.772548643012737,216.39469800938411,0.25503602623939514,1.1085928678512573
48,240,240.0,2.8234712733160396,212.74954906374293,0.26055091619491577,1.181779146194458
49,245,245.0,2.828827566870042,212.3662083378838,0.26170065999031067,1.1840384006500244
50,250,250.0,2.7863457003110206,215.40728999286821,0.2584906816482544,1.1096183061599731
51,255,255.0,2.706534254665626,221.12077696028695,0.2521093785762787,0.9683462977409363
52,260,260.0,2.608763203219822,228.12034599776482,0.24448810517787933,0.7825374007225037
53,265,265.0,2.515010880129937,234.83263810893808,0.23750904202461243,0.7592369914054871
54,270,270.0,2.444380135865405,239.88975339045868,0.2323620468378067,0.7435588240623474
55,275,275.0,2.4102996736745945,242.32970115668593,0.22936847805976868,0.7197715640068054
56,280,280.0,2.420440149302819,241.60279987241898,0.22841830551624298,0.7072458863258362
57,285,285.0,2.477611907093616,237.50762725504353,0.22949126362800598,0.799452006816864
58,290,290.0,2.5802229278399187,230.15834199875292,0.23277771472930908,0.8678264617919922
59,295,295.0,2.721539796059427,220.037801638702,0.23820379376411438,0.8874525427818298
60,300,300.0,2.8879780964982533,208.11893124943262,0.2448102831840515,0.860682487487793
61,305,305.0,3.0604424636025724,195.76847222555975,0.25117024779319763,0.9747844934463501
62,310,310.0,3.2194230568972904,184.38317928451295,0.2561827003955841,1.0317538976669312
63,315,315.0,3.349050456833507,175.0995293195786,0.2591917812824249,1.0241925716400146
64,320,320.0,3.439160447081213,168.64524159371075,0.26030078530311584,0.9547728300094604
65,325,325.0,3.486332162686474,165.26600933449373,0.26058515906333923,0.8390729427337646
66,330,330.0,3.4906872700318248,164.95417052188597,0.2610389292240143,0.763770341873169
67,335,335.0,3.4512806644873946,167.77755483213562,0.2618398666381836,0.7587361335754395
68,340,340.0,3.3652899576697983,173.93788426787776,0.26236799359321594,0.8304252028465271
69,345,345.0,3.23027207129899,183.60938359274184,0.26141026616096497,0.8897634148597717
70,350,350.0,3.0482453065627393,196.64664627713674,0.25768640637397766,0.9150898456573486
71,355,355.0,2.8298468916856496,212.28731010182193,0.250463604927063,0.9005359411239624
72,360,360.0,2.5963658876382656,229.006555801478,0.2399701029062271,0.8679263591766357
73,365,365.0,2.3784768163869643,244.60814821346185,0.22783122956752777,0.8154357075691223
74,370,370.0,2.210466318622875,256.63783869171397,0.21711616218090057,0.8233843445777893
75,375,375.0,2.1211208314824903,263.03491036768486,0.21136173605918884,0.8382578492164612
76,380,380.0,2.1262215656633643,262.6696529744749,0.21290862560272217,0.8056511282920837
77,385,385.0,2.2241829330562455,255.65592716177346,0.22197836637496948,0.7726225256919861
78,390,390.0,2.394855293901964,243.4364120493323,0.23639419674873352,0.7994751930236816
79,395,395.0,2.6031391197141858,228.52414867147556,0.2526388168334961,0.8886869549751282
